"country","iso2c","id","year","membership","wdi_gdp_growth","wdi_npl_ratio","wdi_risk_premium_lending","wdi_domestic_credit","wdi_liquid_reserves_ratio","grouping"
"Austria","AT","AUT",2005,"SSM",2.14068273200179,2.6,NA,126.274039387888,1.10582670927067,"Western Europe"
"Austria","AT","AUT",2006,"SSM",3.35083069097276,2.739,NA,126.004022846164,1.04554725551888,"Western Europe"
"Austria","AT","AUT",2007,"SSM",3.62150877391298,2.242,NA,123.159839078813,1.59135386037547,"Western Europe"
"Austria","AT","AUT",2008,"SSM",1.54726417692326,1.90306942802893,NA,126.732609099039,2.70161775922283,"Western Europe"
"Austria","AT","AUT",2009,"SSM",-3.7990762295855,2.25042258658752,NA,135.264061752896,2.99877811294818,"Western Europe"
"Austria","AT","AUT",2010,"SSM",1.88009468112263,2.83071715205898,NA,133.72994636275,2.61455124314296,"Western Europe"
"Austria","AT","AUT",2011,"SSM",3.07142722522028,2.70681550509306,NA,131.846768667588,3.53667028930421,"Western Europe"
"Austria","AT","AUT",2012,"SSM",0.883845320080638,2.81336476630545,NA,130.673968928273,4.14903349620835,"Western Europe"
"Austria","AT","AUT",2013,"SSM",0.228020373528054,2.86654169526513,NA,127.885599562324,2.71946760075512,"Western Europe"
"Belgium","BE","BEL",2005,"SSM",1.89394768030024,2,4.69666666666666,100.860613298658,1.4864986232473,"Western Europe"
"Belgium","BE","BEL",2006,"SSM",2.63034348041558,1.28,4.76416666666667,105.772000526624,1.58551121137216,"Western Europe"
"Belgium","BE","BEL",2007,"SSM",3.00033313968164,1.163,4.77166666666666,108.674270174528,3.08540585167365,"Western Europe"
"Belgium","BE","BEL",2008,"SSM",0.953305110670286,1.66567895264277,5.5775,110.289509963655,1.91736381996231,"Western Europe"
"Belgium","BE","BEL",2009,"SSM",-2.61859430698294,3.11494720432593,8.92,115.748033972858,2.7855851576211,"Western Europe"
"Belgium","BE","BEL",2010,"SSM",2.50108037001482,2.83293355859858,NA,113.477622509549,2.47494772444211,"Western Europe"
"Belgium","BE","BEL",2011,"SSM",1.63826607742912,3.34867691887318,NA,113.735708199098,4.38605866863589,"Western Europe"
"Belgium","BE","BEL",2012,"SSM",0.0945892922423468,3.79788657164245,NA,113.014588634305,3.74577996891914,"Western Europe"
"Belgium","BE","BEL",2013,"SSM",0.274845628241096,4.31853746709079,NA,111.234039388042,2.57436419846374,"Western Europe"
"Bulgaria","BG","BGR",2005,"EU Non-SSM",5.955290762375,2.2,6.42931666666666,39.6769389465205,12.3042009926189,"Southeastern/Balkan Europe"
"Bulgaria","BG","BGR",2006,"EU Non-SSM",6.47039846646828,2.2,6.315825,40.1971942722721,13.495990076389,"Southeastern/Balkan Europe"
"Bulgaria","BG","BGR",2007,"EU Non-SSM",6.90738097449461,2.1,6.20874166666667,53.6996244091161,14.7716741496909,"Southeastern/Balkan Europe"
"Bulgaria","BG","BGR",2008,"EU Non-SSM",5.75470199025656,2.40390652919768,6.801425,62.4681009554848,10.7125777724622,"Southeastern/Balkan Europe"
"Bulgaria","BG","BGR",2009,"EU Non-SSM",-5.01193614780895,6.42293385932725,6.67,67.4215256986089,9.79563597103954,"Southeastern/Balkan Europe"
"Bulgaria","BG","BGR",2010,"EU Non-SSM",0.655325112354802,11.9177087634194,8.5843666666667,69.5677007863437,11.3292678833104,"Southeastern/Balkan Europe"
"Bulgaria","BG","BGR",2011,"EU Non-SSM",1.98200175317893,14.9736139565097,9.3794583333333,68.492562105404,11.2525225218816,"Southeastern/Balkan Europe"
"Bulgaria","BG","BGR",2012,"EU Non-SSM",0.492189958319528,16.6263209293069,NA,68.8066755975467,13.4839261578939,"Southeastern/Balkan Europe"
"Bulgaria","BG","BGR",2013,"EU Non-SSM",1.06586374688172,16.8785208328338,8.65031666666667,71.0786057283081,11.8678723649349,"Southeastern/Balkan Europe"
"Switzerland","CH","CHE",2005,"EEA/Other",3.03830532258458,0.5,2.40666666666667,161.778149938993,NA,"Western Europe"
"Switzerland","CH","CHE",2006,"EEA/Other",4.01278552189983,0.3,1.67,165.528444204586,NA,"Western Europe"
"Switzerland","CH","CHE",2007,"EEA/Other",4.14034836968527,0.3,0.9875,168.121440125265,NA,"Western Europe"
"Switzerland","CH","CHE",2008,"EEA/Other",2.27724008240516,0.886594699149405,2.00875,165.843439279637,NA,"Western Europe"
"Switzerland","CH","CHE",2009,"EEA/Other",-2.12961849809409,1.03418267282031,NA,176.144515957014,NA,"Western Europe"
"Switzerland","CH","CHE",2010,"EEA/Other",2.95381675627982,0.856718806253796,2.70666666666666,173.536321628381,NA,"Western Europe"
"Switzerland","CH","CHE",2011,"EEA/Other",1.80455390672884,0.809200246145863,2.86166666666666,175.643488756486,NA,"Western Europe"
"Switzerland","CH","CHE",2012,"EEA/Other",1.10917415693609,0.772180670612685,2.9975,182.827304386804,NA,"Western Europe"
"Switzerland","CH","CHE",2013,"EEA/Other",1.91561362562231,0.760409690824164,2.78875,173.429315611155,NA,"Western Europe"
"Cyprus","CY","CYP",2005,"SSM",3.90996323199712,NA,2.755,191.229085518543,4.90471728662476,"Southeastern/Balkan Europe"
"Cyprus","CY","CYP",2006,"SSM",4.12531285060844,NA,4.13083333336667,204.334353232211,5.4489977078455,"Southeastern/Balkan Europe"
"Cyprus","CY","CYP",2007,"SSM",5.13054289266472,NA,3.15083333333333,224.190050893841,3.31414763987401,"Southeastern/Balkan Europe"
"Cyprus","CY","CYP",2008,"SSM",3.62661620939765,3.59414927681707,NA,280.170069994794,1.65608331216662,"Southeastern/Balkan Europe"
"Cyprus","CY","CYP",2009,"SSM",-1.6661594643944,4.50936302926019,NA,302.985955387702,3.59110818066218,"Southeastern/Balkan Europe"
"Cyprus","CY","CYP",2010,"SSM",1.29999999999998,5.58175765736547,NA,315.751503006012,2.86457055967038,"Southeastern/Balkan Europe"
"Cyprus","CY","CYP",2011,"SSM",0.400000000000006,9.58746465614485,NA,327.97852108737,3.67450716325725,"Southeastern/Balkan Europe"
"Cyprus","CY","CYP",2012,"SSM",-2.40000000000001,18.6175629842874,NA,347.338066161782,4.47302500347915,"Southeastern/Balkan Europe"
"Cyprus","CY","CYP",2013,"SSM",-5.40000000000001,33.6843056304587,NA,335.815604985549,4.15936548925574,"Southeastern/Balkan Europe"
"Czech Republic","CZ","CZE",2005,"EU Non-SSM",6.4422622990608,3.9,3.82841666666667,39.836376739886,25.3477902536965,"Central and Eastern Europe"
"Czech Republic","CZ","CZE",2006,"EU Non-SSM",6.87654427048483,3.6,3.45803618833334,44.6037231001636,19.0543631148176,"Central and Eastern Europe"
"Czech Republic","CZ","CZE",2007,"EU Non-SSM",5.52926633866437,2.366,2.94982566703412,49.0151283241719,12.9455012738963,"Central and Eastern Europe"
"Czech Republic","CZ","CZE",2008,"EU Non-SSM",2.71095557025029,2.80546422987001,2.63170833333333,53.2720218880266,12.9318061208454,"Central and Eastern Europe"
"Czech Republic","CZ","CZE",2009,"EU Non-SSM",-4.84178529603683,4.57795308340495,4.69995833333333,57.729675480331,16.3006874571965,"Central and Eastern Europe"
"Czech Republic","CZ","CZE",2010,"EU Non-SSM",2.29508968719638,5.38606666822651,4.94106666666666,60.0294259660248,16.3602467909816,"Central and Eastern Europe"
"Czech Republic","CZ","CZE",2011,"EU Non-SSM",1.96377980664147,5.217252039537,4.88509566666666,64.3911485900244,15.5637815273172,"Central and Eastern Europe"
"Czech Republic","CZ","CZE",2012,"EU Non-SSM",-0.80840087995486,5.23947904730896,4.78991698331586,65.0296528253874,14.7775543255797,"Central and Eastern Europe"
"Czech Republic","CZ","CZE",2013,"EU Non-SSM",-0.70165250999986,5.19728134028281,NA,66.9742013479319,23.4668303756649,"Central and Eastern Europe"
"Germany","DE","DEU",2005,"SSM",0.706562386114513,4.05,NA,132.773802995883,1.37182582170923,"Western Europe"
"Germany","DE","DEU",2006,"SSM",3.7100032770191,3.41,NA,127.524223914317,1.33434562280067,"Western Europe"
"Germany","DE","DEU",2007,"SSM",3.26978278214851,2.65,NA,120.629892713865,2.78877313849278,"Western Europe"
"Germany","DE","DEU",2008,"SSM",1.05210910097601,2.85,NA,122.46065316143,4.18718957227563,"Western Europe"
"Germany","DE","DEU",2009,"SSM",-5.63795312944926,3.31,NA,128.640267680509,3.03848265439629,"Western Europe"
"Germany","DE","DEU",2010,"SSM",4.09076731809188,3.2,NA,126.87720769189,3.9944323974425,"Western Europe"
"Germany","DE","DEU",2011,"SSM",3.59000007873308,3.03,NA,119.909080804713,6.20837222056387,"Western Europe"
"Germany","DE","DEU",2012,"SSM",0.376484291898976,2.86,NA,118.828611949525,8.25014386899875,"Western Europe"
"Germany","DE","DEU",2013,"SSM",0.105789496349956,2.69,NA,113.521434571522,4.0197203857127,"Western Europe"
"Denmark","DK","DN1",2005,"EU Non-SSM",2.43702951307942,0.2,NA,173.606981747038,0.735960665066707,"Nordic"
"Denmark","DK","DN1",2006,"EU Non-SSM",3.79674260984774,0.3,NA,184.239380096309,0.557524126851024,"Nordic"
"Denmark","DK","DN1",2007,"EU Non-SSM",0.82441753127209,0.6,NA,199.998332628054,0.382716151375709,"Nordic"
"Denmark","DK","DN1",2008,"EU Non-SSM",-0.717955929390783,1.2,NA,204.265868987014,0.877464554447695,"Nordic"
"Denmark","DK","DN1",2009,"EU Non-SSM",-5.08793605951017,3.3,NA,215.765242845992,0.851012989977565,"Nordic"
"Denmark","DK","DN1",2010,"EU Non-SSM",1.62513291877595,4.06863631073088,NA,210.111366920394,0.423658957149963,"Nordic"
"Denmark","DK","DN1",2011,"EU Non-SSM",1.15214252570959,3.65964725462465,NA,200.752752802983,0.747085000090952,"Nordic"
"Denmark","DK","DN1",2012,"EU Non-SSM",-0.655226086249598,5.95051780307892,NA,201.433110186048,2.44040779576316,"Nordic"
"Denmark","DK","DN1",2013,"EU Non-SSM",-0.486209584308497,4.61814370485933,NA,199.6145023863,4.78497445226125,"Nordic"
"Estonia","EE","EST",2005,"SSM",9.47104167658107,0.2,NA,67.8060568284767,7.83059131422445,"Baltic"
"Estonia","EE","EST",2006,"SSM",10.4127388840488,0.2,NA,80.3900690245365,8.5646332267185,"Baltic"
"Estonia","EE","EST",2007,"SSM",7.9008436978272,0.5,NA,89.3927247330827,6.57269205764438,"Baltic"
"Estonia","EE","EST",2008,"SSM",-5.3282423256333,1.94468477607874,NA,94.6816585970865,8.93221198737355,"Baltic"
"Estonia","EE","EST",2009,"SSM",-14.7375454860182,5.20231141689893,NA,103.173262113894,9.5114569822741,"Baltic"
"Estonia","EE","EST",2010,"SSM",2.47685878829682,5.37548640053779,NA,96.1977529306084,6.22932783221592,"Baltic"
"Estonia","EE","EST",2011,"SSM",8.27562507977611,4.0453074433657,NA,83.4198479983565,2.7705112960761,"Baltic"
"Estonia","EE","EST",2012,"SSM",4.65020588598956,2.62266659520885,NA,76.1876357962252,9.62156035514136,"Baltic"
"Estonia","EE","EST",2013,"SSM",1.63010371774261,1.47462231497043,NA,71.6001024612035,8.98883532098452,"Baltic"
"Spain","ES","ESP",2005,"SSM",3.72303870784567,0.794,NA,155.567901685641,1.12726248625103,"Southern Europe"
"Spain","ES","ESP",2006,"SSM",4.17412628443334,0.701,NA,173.208733558604,1.13088234566088,"Southern Europe"
"Spain","ES","ESP",2007,"SSM",3.76894641993215,0.897,NA,192.638463666501,2.40286317351904,"Southern Europe"
"Spain","ES","ESP",2008,"SSM",1.11592541894927,2.80769369127483,NA,209.012217267944,2.25948252587807,"Southern Europe"
"Spain","ES","ESP",2009,"SSM",-3.57379948521334,4.1210313362269,NA,222.490857563339,1.44576238224261,"Southern Europe"
"Spain","ES","ESP",2010,"SSM",0.0138086474303663,4.66837213164141,NA,227.492036824425,1.09688053748936,"Southern Europe"
"Spain","ES","ESP",2011,"SSM",-0.61762602591115,6.00728103382975,NA,228.377514888662,2.11423967443349,"Southern Europe"
"Spain","ES","ESP",2012,"SSM",-2.08873763315489,7.48390355952545,NA,220.279806436572,3.26237964843296,"Southern Europe"
"Spain","ES","ESP",2013,"SSM",-1.22995797410435,9.38062712840699,NA,205.079199871138,1.55351251076165,"Southern Europe"
"Finland","FI","FI1",2005,"SSM",2.77995503757889,0.3,NA,74.2005146392355,2.07779841534808,"Nordic"
"Finland","FI","FI1",2006,"SSM",4.05519743045375,0.2,NA,79.1332105159489,1.94850886814711,"Nordic"
"Finland","FI","FI1",2007,"SSM",5.18480080924803,0.3,NA,82.0504437679544,2.76408467172402,"Nordic"
"Finland","FI","FI1",2008,"SSM",0.720668512407372,0.4,NA,84.2585088095152,3.48916251495048,"Nordic"
"Finland","FI","FI1",2009,"SSM",-8.26903654431229,0.6,NA,93.4043716752564,5.38174506352152,"Nordic"
"Finland","FI","FI1",2010,"SSM",2.9923374825745,0.6,NA,96.788882950294,7.55835827129046,"Nordic"
"Finland","FI","FI1",2011,"SSM",2.57081773616463,0.5,NA,97.7096444844033,22.8580423383058,"Nordic"
"Finland","FI","FI1",2012,"SSM",-1.45849617872868,0.5,NA,101.725030014719,23.4784791464104,"Nordic"
"Finland","FI","FI1",2013,"SSM",-1.20564115135147,NA,NA,104.864880973076,7.07248722444514,"Nordic"
"France","FR","FR1",2005,"SSM",1.60771381504657,3.5,NA,105.696515419492,1.05204407840292,"Western Europe"
"France","FR","FR1",2006,"SSM",2.37494690114663,3,NA,111.648996070183,0.963143301598152,"Western Europe"
"France","FR","FR1",2007,"SSM",2.36149887066625,2.7,NA,118.354088822873,2.45716156947231,"Western Europe"
"France","FR","FR1",2008,"SSM",0.19529476916675,2.81942025282791,NA,120.44437207205,2.99731119766297,"Western Europe"
"France","FR","FR1",2009,"SSM",-2.94134105741433,4.02193112740747,NA,125.249443403539,2.06848247919709,"Western Europe"
"France","FR","FR1",2010,"SSM",1.96565737604462,3.75857389340272,NA,128.644555539933,1.45772098781767,"Western Europe"
"France","FR","FR1",2011,"SSM",2.07922917578311,4.29144958888442,NA,129.401481291556,5.25834130865733,"Western Europe"
"France","FR","FR1",2012,"SSM",0.334357168402093,4.29452327369679,NA,132.535762979428,5.99739685411637,"Western Europe"
"France","FR","FR1",2013,"SSM",0.285120347457564,4.49543407979547,NA,130.753985807738,3.41856873281192,"Western Europe"
"United Kingdom","GB","GB1",2005,"EU Non-SSM",2.80654542057685,1,0.0947000000000005,153.048708787481,NA,"Western Europe"
"United Kingdom","GB","GB1",2006,"EU Non-SSM",3.04209575927517,0.9,-0.0023083333333398,162.395510234903,NA,"Western Europe"
"United Kingdom","GB","GB1",2007,"EU Non-SSM",2.55563600194864,0.9,-0.0034416666666699,177.996712934078,NA,"Western Europe"
"United Kingdom","GB","GB1",2008,"EU Non-SSM",-0.332044323488816,1.55697368984839,0.32051666666667,201.548784302105,NA,"Western Europe"
"United Kingdom","GB","GB1",2009,"EU Non-SSM",-4.31061369220637,3.50865701820859,0.0985,215.574663499141,NA,"Western Europe"
"United Kingdom","GB","GB1",2010,"EU Non-SSM",1.91138067918317,3.95483378788783,0.00367499999999998,209.088228043494,NA,"Western Europe"
"United Kingdom","GB","GB1",2011,"EU Non-SSM",1.64511984323417,3.9618682056152,0.014141666666667,199.275961192088,NA,"Western Europe"
"United Kingdom","GB","GB1",2012,"EU Non-SSM",0.659031435442586,3.66087443565243,0.187183333333333,195.646632036837,NA,"Western Europe"
"United Kingdom","GB","GB1",2013,"EU Non-SSM",1.7291864489942,NA,0.1985,184.091482463103,NA,"Western Europe"
"Greece","GR","GRC",2005,"SSM",0.890925388555999,6.3,NA,103.342154022284,2.3138282325307,"Southern"
"Greece","GR","GRC",2006,"SSM",5.81528136658748,5.4,NA,104.445189160404,2.04990692314511,"Southern"
"Greece","GR","GRC",2007,"SSM",3.53747545689728,4.6,NA,108.909037026856,2.65087649358677,"Southern"
"Greece","GR","GRC",2008,"SSM",-0.444382522181229,4.67274772895685,NA,111.481808869209,2.5504235708501,"Southern"
"Greece","GR","GRC",2009,"SSM",-4.39492813597283,6.95395460630733,NA,112.787293992781,2.6234834938763,"Southern"
"Greece","GR","GRC",2010,"SSM",-5.44838973386359,9.11734433232386,NA,146.196454621812,3.15081100756704,"Southern"
"Greece","GR","GRC",2011,"SSM",-8.86388754581861,14.4282542935832,NA,153.793946628673,1.70515264193982,"Southern"
"Greece","GR","GRC",2012,"SSM",-6.57211183516839,23.2703887873912,NA,135.188770571152,1.12040821179724,"Southern"
"Greece","GR","GRC",2013,"SSM",-3.31550802612412,31.8989384689708,NA,134.294390423048,1.47874507476943,"Southern"
"Croatia","HR","HRV",2005,"EU Non-SSM",4.16384089738375,6.2,NA,62.8458452842878,22.6675259310121,"Southeastern/Balkan Europe"
"Croatia","HR","HRV",2006,"EU Non-SSM",4.78519068675942,5.185,NA,68.5894654420232,21.7124698840836,"Southeastern/Balkan Europe"
"Croatia","HR","HRV",2007,"EU Non-SSM",5.15008294096451,4.753,NA,70.7576712043902,19.5170621432861,"Southeastern/Balkan Europe"
"Croatia","HR","HRV",2008,"EU Non-SSM",2.05311067934768,4.87222850589704,NA,73.8993606857989,14.3624874849132,"Southeastern/Balkan Europe"
"Croatia","HR","HRV",2009,"EU Non-SSM",-7.3836530002248,7.65995176369145,NA,77.3761789185385,16.2985918016044,"Southeastern/Balkan Europe"
"Croatia","HR","HRV",2010,"EU Non-SSM",-1.7011368880312,11.0922699048241,NA,90.7370623984929,15.0399219377783,"Southeastern/Balkan Europe"
"Croatia","HR","HRV",2011,"EU Non-SSM",-0.281367268115872,12.2729159322381,NA,96.0999703355934,16.5151970276301,"Southeastern/Balkan Europe"
"Croatia","HR","HRV",2012,"EU Non-SSM",-2.1875897993996,13.7595527847579,NA,96.1884991142058,16.5798348985018,"Southeastern/Balkan Europe"
"Croatia","HR","HRV",2013,"EU Non-SSM",-0.939174026915708,15.4303697522959,NA,94.114528904842,17.1430542143744,"Southeastern/Balkan Europe"
"Hungary","HU","HUN",2005,"EU Non-SSM",4.25965782506286,2.3,1.58798807424999,61.394161423652,14.0046323676835,"Central and Eastern Europe"
"Hungary","HU","HUN",2006,"EU Non-SSM",3.96294438747408,2.6,1.21129133143109,67.3600578032686,11.7593650232681,"Central and Eastern Europe"
"Hungary","HU","HUN",2007,"EU Non-SSM",0.511279220178153,2.3,1.41164586271724,74.2981402442499,8.79784664748415,"Central and Eastern Europe"
"Hungary","HU","HUN",2008,"EU Non-SSM",0.878582395860093,2.98329129691715,1.27768645817598,79.7174720872322,11.2428222392429,"Central and Eastern Europe"
"Hungary","HU","HUN",2009,"EU Non-SSM",-6.55102970714437,6.70450997232196,2.5523998501495,79.6346324870336,17.71772511855,"Central and Eastern Europe"
"Hungary","HU","HUN",2010,"EU Non-SSM",0.789116879525025,9.81364928976522,2.21646231219636,81.0889292411535,15.7883307797738,"Central and Eastern Europe"
"Hungary","HU","HUN",2011,"EU Non-SSM",1.8066054345244,13.3898521982054,2.30265774969167,76.1024433251068,19.4245822711777,"Central and Eastern Europe"
"Hungary","HU","HUN",2012,"EU Non-SSM",-1.47794468745423,15.7773533158828,2.104162093925,67.5077831642661,23.6627996224479,"Central and Eastern Europe"
"Hungary","HU","HUN",2013,"EU Non-SSM",1.52516680591516,16.7353009780771,2.12400010390833,64.6927475902424,30.173453694794,"Central and Eastern Europe"
"Ireland","IE","IRL",2005,"SSM",5.67420843274138,0.48,NA,153.644448094161,1.25872954925357,"Western Europe"
"Ireland","IE","IRL",2006,"SSM",5.47016019902782,0.535,NA,173.752936495889,1.51480229317209,"Western Europe"
"Ireland","IE","IRL",2007,"SSM",4.93218271772469,0.629,NA,188.231629984182,2.13349263817571,"Western Europe"
"Ireland","IE","IRL",2008,"SSM",-2.60966479890033,1.92252115115214,NA,199.746702962647,1.86349088120119,"Western Europe"
"Ireland","IE","IRL",2009,"SSM",-6.37066819807201,9.7963666080107,NA,213.808531229737,1.59142370385286,"Western Europe"
"Ireland","IE","IRL",2010,"SSM",-0.275504950947465,12.4666710113595,NA,220.573851782799,1.34408103546283,"Western Europe"
"Ireland","IE","IRL",2011,"SSM",2.77272895327106,16.1214680824703,NA,206.397426042791,0.835266649463343,"Western Europe"
"Ireland","IE","IRL",2012,"SSM",-0.313100537078597,24.5904665022738,NA,191.391566484523,0.516901718409868,"Western Europe"
"Ireland","IE","IRL",2013,"SSM",0.173649122707431,25.3188054712637,NA,186.081408592703,0.542959149858825,"Western Europe"
"Iceland","IS","ISL",2005,"EEA/Other",6.00194571046985,1.1,5.98171743475819,235.018160034329,1.19781089198134,"Nordic"
"Iceland","IS","ISL",2006,"EEA/Other",4.2329002512292,0.8,4.4959964907346,296.54885674386,0.935030146318148,"Nordic"
"Iceland","IS","ISL",2007,"EEA/Other",9.72250181812906,NA,4.1611113266989,299.040076807541,1.82469181418832,"Nordic"
"Iceland","IS","ISL",2008,"EEA/Other",1.14900826446281,NA,2.261199667,177.816022622636,5.93442343006947,"Nordic"
"Iceland","IS","ISL",2009,"EEA/Other",-5.14730334021569,14.1,7.6039360817328,172.670381818148,5.17734580760217,"Nordic"
"Iceland","IS","ISL",2010,"EEA/Other",-2.93477933164212,18.3,3.6070286966844,157.954082532271,4.71436455044576,"Nordic"
"Iceland","IS","ISL",2011,"EEA/Other",2.13252162029045,11.6,3.41890580677891,141.744521612601,4.70827191590128,"Nordic"
"Iceland","IS","ISL",2012,"EEA/Other",1.14626824171384,6.3,2.76600543844187,137.822391758263,6.10799283716652,"Nordic"
"Iceland","IS","ISL",2013,"EEA/Other",3.4593666804976,4.3,1.96,130.882674937992,6.84678676004223,"Nordic"
"Italy","IT","ITA",2005,"SSM",0.949558090999588,6.996,3.141535,103.536881486894,0.851555752213686,"Southern Europe"
"Italy","IT","ITA",2006,"SSM",2.00641188425459,6.568,2.4390625,107.542402858788,0.974532104064877,"Southern Europe"
"Italy","IT","ITA",2007,"SSM",1.47417311331301,5.778,2.29898333333333,123.703770403743,2.52201756592033,"Southern Europe"
"Italy","IT","ITA",2008,"SSM",-1.04984528397267,6.28258103994627,3.07961,127.338782424019,2.00891213928151,"Southern Europe"
"Italy","IT","ITA",2009,"SSM",-5.48136138457168,9.4463437392788,3.80166666666667,136.722661574487,1.96948775995163,"Southern Europe"
"Italy","IT","ITA",2010,"SSM",1.71053215030577,10.0278370674613,2.89833333333334,150.627641381235,1.16128192892176,"Southern Europe"
"Italy","IT","ITA",2011,"SSM",0.586849046595745,11.7423491843706,1.81333333333334,151.523897448039,1.64059485982486,"Southern Europe"
"Italy","IT","ITA",2012,"SSM",-2.26757565540444,13.7463696406392,3.3275,161.49862039651,1.3300948804539,"Southern Europe"
"Italy","IT","ITA",2013,"SSM",-1.9250006218886,16.5427056350995,4.28891666666667,161.838441315853,1.03548221097863,"Southern Europe"
"Japan","JP","JPN",2005,"Non-Europe",1.3027281442793,1.8,1.67391666666667,317.879346158983,4.30929957905385,"Non-Europe"
"Japan","JP","JPN",2006,"Non-Europe",1.6929042449114,1.8,1.24583333333333,309.589570709045,1.83969932276705,"Non-Europe"
"Japan","JP","JPN",2007,"Non-Europe",2.19218623250299,1.5,1.33025,299.14227918558,1.84885557295962,"Non-Europe"
"Japan","JP","JPN",2008,"Non-Europe",-1.04163603443133,2.4,1.5525,302.019611003343,2.40973735492857,"Non-Europe"
"Japan","JP","JPN",2009,"Non-Europe",-5.52697648866557,2.4,1.60233333333333,330.890403063688,2.88779621898433,"Non-Europe"
"Japan","JP","JPN",2010,"Non-Europe",4.65203015430922,2.5,1.46833333333333,328.523396634924,3.06900852259624,"Non-Europe"
"Japan","JP","JPN",2011,"Non-Europe",-0.452724839089072,2.4,1.40091666666667,338.090538318437,4.46594937466123,"Non-Europe"
"Japan","JP","JPN",2012,"Non-Europe",1.75368977536475,2.4,1.3135,348.04782483093,5.28887498746523,"Non-Europe"
"Japan","JP","JPN",2013,"Non-Europe",1.6133669062863,2.3,1.24675,366.533033443515,10.7559220060674,"Non-Europe"
"Liechtenstein","LI","LIE",2005,"EEA/Other",4.82807656828834,NA,NA,NA,NA,"Western Europe"
"Liechtenstein","LI","LIE",2006,"EEA/Other",8.64496892047335,NA,NA,NA,NA,"Western Europe"
"Liechtenstein","LI","LIE",2007,"EEA/Other",3.32596222751948,NA,NA,NA,NA,"Western Europe"
"Liechtenstein","LI","LIE",2008,"EEA/Other",1.79808929851104,NA,NA,NA,NA,"Western Europe"
"Liechtenstein","LI","LIE",2009,"EEA/Other",-1.15748170603558,NA,NA,NA,NA,"Western Europe"
"Liechtenstein","LI","LIE",2010,"EEA/Other",NA,NA,NA,NA,NA,"Western Europe"
"Liechtenstein","LI","LIE",2011,"EEA/Other",NA,NA,NA,NA,NA,"Western Europe"
"Liechtenstein","LI","LIE",2012,"EEA/Other",NA,NA,NA,NA,NA,"Western Europe"
"Liechtenstein","LI","LIE",2013,"EEA/Other",NA,NA,NA,NA,NA,"Western Europe"
"Lithuania","LT","LTU",2005,"SSM",7.80223286519721,0.6,2.91166666666667,42.882826478981,7.64536775873291,"Baltic"
"Lithuania","LT","LTU",2006,"SSM",7.84482823380937,1,2.16583333333333,48.6872378627316,6.67134694514324,"Baltic"
"Lithuania","LT","LTU",2007,"SSM",9.83980195012811,1,2.629166667,59.5741414828569,6.77696423542664,"Baltic"
"Lithuania","LT","LTU",2008,"SSM",2.92744812785932,6.08371852153549,3.05791666666667,63.9509541731826,5.21456469075988,"Baltic"
"Lithuania","LT","LTU",2009,"SSM",-14.7417126236977,23.9900756317356,-0.14516666666667,69.6135251407051,4.5320010118897,"Baltic"
"Lithuania","LT","LTU",2010,"SSM",1.3301928052779,23.3337718978865,3.19249999966667,63.8770433546553,6.30893609007385,"Baltic"
"Lithuania","LT","LTU",2011,"SSM",6,18.8431216218018,NA,57.0194230887969,11.2226824948402,"Baltic"
"Lithuania","LT","LTU",2012,"SSM",3.69999999999999,14.80169421076,NA,51.9858477792197,8.6086289049488,"Baltic"
"Lithuania","LT","LTU",2013,"SSM",3.25111172045442,11.5860290373317,NA,51.0450196096813,9.27050980986289,"Baltic"
"Luxembourg","LU","LUX",2005,"SSM",4.12420170536021,0.2,NA,129.622109222274,2.00224750572493,"Western Europe"
"Luxembourg","LU","LUX",2006,"SSM",4.88119470364174,0.1,NA,154.397095826903,2.37468947971536,"Western Europe"
"Luxembourg","LU","LUX",2007,"SSM",6.46317326723161,0.4,NA,190.729809863934,2.27824198927225,"Western Europe"
"Luxembourg","LU","LUX",2008,"SSM",0.487325036775005,0.6,NA,192.92447210607,9.76577941085581,"Western Europe"
"Luxembourg","LU","LUX",2009,"SSM",-5.33368058985711,0.670613945190373,NA,196.651435350572,3.01420396090012,"Western Europe"
"Luxembourg","LU","LUX",2010,"SSM",5.14467318091263,0.247232603084002,NA,190.146496654881,2.27878013878621,"Western Europe"
"Luxembourg","LU","LUX",2011,"SSM",2.60903040309897,0.379416485489736,NA,173.270522383661,11.1161522059993,"Western Europe"
"Luxembourg","LU","LUX",2012,"SSM",-0.162966697345041,0.145588493246799,NA,170.014190018716,9.37404646590982,"Western Europe"
"Luxembourg","LU","LUX",2013,"SSM",1.99020603726167,0.21316440756553,NA,163.941521061824,5.99298747693733,"Western Europe"
"Latvia","LV","LVA",2005,"SSM",10.6009121759691,0.7,3.55166666666667,71.8724818138667,6.24343073365567,"Baltic"
"Latvia","LV","LVA",2006,"SSM",12.2332315774286,0.5,3.1675,89.7006695469135,9.86147510295769,"Baltic"
"Latvia","LV","LVA",2007,"SSM",9.97761135673862,0.8,6.6841666666667,89.520771905793,8.45983469288531,"Baltic"
"Latvia","LV","LVA",2008,"SSM",-4.24355266706368,2.09770978216404,4.86091666666667,89.4353379664932,6.40090414055276,"Baltic"
"Latvia","LV","LVA",2009,"SSM",-17.9549938656616,14.2791092179755,5.8066666666667,94.3147087453407,6.68691360702858,"Baltic"
"Latvia","LV","LVA",2010,"SSM",-0.34350356354193,15.934006136678,7.13277777733332,89.6439876616833,10.0564221705941,"Baltic"
"Latvia","LV","LVA",2011,"SSM",5.3,14.0547963104412,5.27119047633333,78.7099305088545,7.47413891099238,"Baltic"
"Latvia","LV","LVA",2012,"SSM",5,8.72379173476539,4.975,62.9067384888981,11.0576923076923,"Baltic"
"Latvia","LV","LVA",2013,"SSM",4.1098905161806,6.4070404515206,NA,58.5670943158906,18.96210056973,"Baltic"
"Malta","MT","MLT",2005,"SSM",3.66560274981676,8.98,2.33116666666666,127.513029394495,2.15109098394401,"Southern"
"Malta","MT","MLT",2006,"SSM",2.22390640172507,7.092,2.16204166666667,132.255818872713,2.60847107438017,"Southern"
"Malta","MT","MLT",2007,"SSM",4.27922709790931,5.881,1.98681666666666,136.044868981297,1.57854828703385,"Southern"
"Malta","MT","MLT",2008,"SSM",3.90000000000086,5.45299686487001,1.45166666666666,144.013151135313,0.0274942811895126,"Southern"
"Malta","MT","MLT",2009,"SSM",-2.79999999999981,6.17852510323325,2.69583333333334,157.421745021697,0.439166525581768,"Southern"
"Malta","MT","MLT",2010,"SSM",4.29999999999993,7.4464878658944,3.77666666666667,155.83042652952,1.4446738784497,"Southern"
"Malta","MT","MLT",2011,"SSM",1.39999999999874,7.32562177308211,3.51166666666666,152.097311675309,3.03527166641076,"Southern"
"Malta","MT","MLT",2012,"SSM",1.10000000000066,8.19828812947348,3.70833333333333,151.695307527628,3.95556005466417,"Southern"
"Malta","MT","MLT",2013,"SSM",2.89999999999873,9.16352930386995,NA,146.696775259549,3.10698017325364,"Southern"
"Netherlands","NL","NL1",2005,"SSM",2.2524513691211,1.2,NA,167.734936817496,1.30939825797676,"Western Europe"
"Netherlands","NL","NL1",2006,"SSM",3.82128377378592,0.8,NA,167.407802679948,0.970364718404037,"Western Europe"
"Netherlands","NL","NL1",2007,"SSM",4.20006139144439,NA,NA,185.584389769503,1.26942056971211,"Western Europe"
"Netherlands","NL","NL1",2008,"SSM",2.07793614322082,1.68139773681757,NA,183.258413888775,1.35823559750671,"Western Europe"
"Netherlands","NL","NL1",2009,"SSM",-3.29808081566429,3.20168767980185,NA,207.195013357079,3.91545228176119,"Western Europe"
"Netherlands","NL","NL1",2010,"SSM",1.07050918040113,2.83234869790716,NA,197.791174197798,3.13860218928158,"Western Europe"
"Netherlands","NL","NL1",2011,"SSM",1.66362634857727,2.71087690835903,NA,197.907233924741,11.0291153626392,"Western Europe"
"Netherlands","NL","NL1",2012,"SSM",-1.58571163235322,3.09784428543666,NA,201.702037324942,10.1301703255014,"Western Europe"
"Netherlands","NL","NL1",2013,"SSM",-0.725519950310968,3.22716888618912,NA,193.011288774537,4.92223173797562,"Western Europe"
"Norway","NO","NOR",2005,"EEA/Other",2.58893558009754,0.7,NA,83.1795096844501,NA,"Nordic"
"Norway","NO","NOR",2006,"EEA/Other",2.29878192277633,0.6,NA,86.9562222668249,NA,"Nordic"
"Norway","NO","NOR",2007,"EEA/Other",2.65302619142909,0.5,NA,NA,NA,"Nordic"
"Norway","NO","NOR",2008,"EEA/Other",0.0676193656807556,0.723251027713466,NA,NA,NA,"Nordic"
"Norway","NO","NOR",2009,"EEA/Other",-1.63493311129399,1.27871052608886,NA,NA,NA,"Nordic"
"Norway","NO","NOR",2010,"EEA/Other",0.478112086936292,1.51981365217834,NA,NA,NA,"Nordic"
"Norway","NO","NOR",2011,"EEA/Other",1.34120087293317,1.68434907314772,NA,NA,NA,"Nordic"
"Norway","NO","NOR",2012,"EEA/Other",2.89629436702855,1.51215755076448,NA,NA,NA,"Nordic"
"Norway","NO","NOR",2013,"EEA/Other",0.646705220730581,1.33872670729875,NA,NA,NA,"Nordic"
"Poland","PL","POL",2005,"EU Non-SSM",3.54705781551471,11,1.92713200183314,37.3626663715493,12.870646157194,"Central and Eastern Europe"
"Poland","PL","POL",2006,"EU Non-SSM",6.19262277405552,7.4,1.29424395546748,41.8317907565558,10.7937737870052,"Central and Eastern Europe"
"Poland","PL","POL",2007,"EU Non-SSM",7.20174945830301,5.2,NA,45.8832481022066,7.79572696052504,"Central and Eastern Europe"
"Poland","PL","POL",2008,"EU Non-SSM",3.92038875382075,2.82208199288245,NA,59.8520185199973,7.87942063762164,"Central and Eastern Europe"
"Poland","PL","POL",2009,"EU Non-SSM",2.63411014775951,4.28772376193178,NA,60.6315673532327,12.4499789495475,"Central and Eastern Europe"
"Poland","PL","POL",2010,"EU Non-SSM",3.69890201596992,4.91242260149366,NA,62.6052539487406,15.7292689147724,"Central and Eastern Europe"
"Poland","PL","POL",2011,"EU Non-SSM",4.76179543330713,4.66287736778213,NA,64.9757141882437,14.6291399592176,"Central and Eastern Europe"
"Poland","PL","POL",2012,"EU Non-SSM",1.76112248392906,5.20203983160723,NA,62.9979441720806,18.3449992188514,"Central and Eastern Europe"
"Poland","PL","POL",2013,"EU Non-SSM",1.66812414917676,4.98890456948607,NA,65.7687605441948,17.6556803691142,"Central and Eastern Europe"
"Portugal","PT","PRT",2005,"SSM",0.766786162799576,1.5,NA,139.98450538702,1.88007044722705,"Southern"
"Portugal","PT","PRT",2006,"SSM",1.55305210047069,1.3,NA,150.211687350486,1.8084912046937,"Southern"
"Portugal","PT","PRT",2007,"SSM",2.49200187676104,2.827,NA,159.790076940478,3.00367274035703,"Southern"
"Portugal","PT","PRT",2008,"SSM",0.199273376253956,3.60888752718851,NA,170.84843109158,1.63527495746832,"Southern"
"Portugal","PT","PRT",2009,"SSM",-2.97810586341882,4.82466526343713,NA,187.343055519695,2.49352524939517,"Southern"
"Portugal","PT","PRT",2010,"SSM",1.89869225634554,5.19411325452574,NA,200.633789357819,1.33308049682374,"Southern"
"Portugal","PT","PRT",2011,"SSM",-1.82685289858186,7.5089926367489,NA,198.007479034985,1.53450823473581,"Southern"
"Portugal","PT","PRT",2012,"SSM",-3.31540184509284,9.80033231783703,NA,193.517745500878,2.33437580696066,"Southern"
"Portugal","PT","PRT",2013,"SSM",-1.3550248977408,10.6454044621064,NA,183.271569080046,2.54848573182909,"Southern"
"Romania","RO","ROU",2005,"EU Non-SSM",4.28866834899162,1.4,NA,20.7089868096926,77.2065377706142,"Central and Eastern Europe"
"Romania","RO","ROU",2006,"EU Non-SSM",8.71626878810726,1.8,NA,24.0430932080199,57.9271658227923,"Central and Eastern Europe"
"Romania","RO","ROU",2007,"EU Non-SSM",6.25970490255764,2.585,6.23916666666663,34.7497165630466,43.3583324900138,"Central and Eastern Europe"
"Romania","RO","ROU",2008,"EU Non-SSM",7.86170657911678,2.74650265367714,4.5675,46.3734314326792,36.9287107052837,"Central and Eastern Europe"
"Romania","RO","ROU",2009,"EU Non-SSM",-6.79876963844887,7.89184425906008,6.3783333333333,51.6262960737072,27.7967246844701,"Central and Eastern Europe"
"Romania","RO","ROU",2010,"EU Non-SSM",-0.939655979770862,11.8538634983107,6.86166666666667,53.8367144194894,25.0616846526696,"Central and Eastern Europe"
"Romania","RO","ROU",2011,"EU Non-SSM",2.30892054287995,14.3279565951415,4.81,54.1189012853048,23.6251569688273,"Central and Eastern Europe"
"Romania","RO","ROU",2012,"EU Non-SSM",0.353678397500403,18.2374449705832,5.0604166666667,54.2722678307416,21.1294612668646,"Central and Eastern Europe"
"Romania","RO","ROU",2013,"EU Non-SSM",3.49992129702503,21.8729747751981,5.63083333333333,51.9749160144193,24.0966924142938,"Central and Eastern Europe"
"Sweden","SE","SWE",2005,"EU Non-SSM",2.81832961742643,0.8,1.59733333333333,111.878747396256,0.249823972268862,"Nordic"
"Sweden","SE","SWE",2006,"EU Non-SSM",4.68812715144227,0.105,NA,116.145270162348,0.239386558206632,"Nordic"
"Sweden","SE","SWE",2007,"EU Non-SSM",3.40494889669576,0.082,NA,123.669015936353,0.260030991703328,"Nordic"
"Sweden","SE","SWE",2008,"EU Non-SSM",-0.557047627873089,0.462078291866641,NA,127.317607544458,4.16832022043868,"Nordic"
"Sweden","SE","SWE",2009,"EU Non-SSM",-5.18465902978846,0.834133007850543,NA,136.135798928937,5.1227950526772,"Nordic"
"Sweden","SE","SWE",2010,"EU Non-SSM",5.98892654822056,0.783563259562689,NA,134.671905690748,0.241021526312775,"Nordic"
"Sweden","SE","SWE",2011,"EU Non-SSM",2.66440794948745,0.654054944661704,NA,136.324874329188,0.340980371890092,"Nordic"
"Sweden","SE","SWE",2012,"EU Non-SSM",-0.286320616921927,0.700061654813063,NA,139.918665870604,0.498108353329753,"Nordic"
"Sweden","SE","SWE",2013,"EU Non-SSM",1.49820976582275,0.614387787530393,NA,138.058150660789,0.59771178715723,"Nordic"
"Slovenia","SI","SVN",2005,"SSM",4.00300779074169,2.5,4.13916666666667,64.2859104038483,25.0691434966392,"Southeastern/Balkan Europe"
"Slovenia","SI","SVN",2006,"SSM",5.65599898103788,2.5,4.11083333333333,71.9323842523748,14.6948429735793,"Southeastern/Balkan Europe"
"Slovenia","SI","SVN",2007,"SSM",6.94164550999352,1.8,2.01666666666667,80.4388781444937,1.11842744640072,"Southeastern/Balkan Europe"
"Slovenia","SI","SVN",2008,"SSM",3.30013027653622,4.21574658021237,2.78333333333333,85.553285680897,2.71369747071813,"Southeastern/Balkan Europe"
"Slovenia","SI","SVN",2009,"SSM",-7.79727658031463,5.79123326741648,4.80916666666667,91.1541650214612,3.28053994460728,"Southeastern/Balkan Europe"
"Slovenia","SI","SVN",2010,"SSM",1.22167974038125,8.21418388709017,NA,95.2340826783968,2.31808416318357,"Southeastern/Balkan Europe"
"Slovenia","SI","SVN",2011,"SSM",0.612758706559191,11.814021388063,NA,91.5742539763077,3.07726027636858,"Southeastern/Balkan Europe"
"Slovenia","SI","SVN",2012,"SSM",-2.63954587743157,15.1795369781351,NA,91.9820140182267,3.79212272688098,"Southeastern/Balkan Europe"
"Slovenia","SI","SVN",2013,"SSM",-0.998266654188811,13.3113246703111,NA,82.7771394690163,7.15139918679742,"Southeastern/Balkan Europe"
"Slovak Republic","SK","SVK",2005,"SSM",6.53847101782607,5,NA,47.0573359307623,47.5701290981078,"Central and Eastern Europe"
"Slovak Republic","SK","SVK",2006,"SSM",8.25914225262603,3.2,NA,48.7512855246611,41.1211144893874,"Central and Eastern Europe"
"Slovak Republic","SK","SVK",2007,"SSM",10.6811717572521,2.5,NA,50.4381640340231,43.3032896886338,"Central and Eastern Europe"
"Slovak Republic","SK","SVK",2008,"SSM",5.44667357842461,2.48604525264788,NA,53.0667417136194,46.9911191911794,"Central and Eastern Europe"
"Slovak Republic","SK","SVK",2009,"SSM",-5.29025810560874,5.293444236956,NA,NA,NA,"Central and Eastern Europe"
"Slovak Republic","SK","SVK",2010,"SSM",4.8273424833081,5.83631415703786,NA,NA,NA,"Central and Eastern Europe"
"Slovak Republic","SK","SVK",2011,"SSM",2.70432870627968,5.61287025556431,NA,NA,NA,"Central and Eastern Europe"
"Slovak Republic","SK","SVK",2012,"SSM",1.60200715827344,5.22251061346437,NA,NA,NA,"Central and Eastern Europe"
"Slovak Republic","SK","SVK",2013,"SSM",1.42469516611389,5.13937557233792,NA,NA,NA,"Central and Eastern Europe"
"United States","US","USA",2005,"Non-Europe",3.34580256111001,0.7,3.0375,216.327126748452,0.67189233154892,"Non-Europe"
"United States","US","USA",2006,"Non-Europe",2.66586223915242,0.8,3.23583333333333,226.322094499328,0.625704702007028,"Non-Europe"
"United States","US","USA",2007,"Non-Europe",1.7732864676512,1.4,3.64,235.718231065771,0.617943777550699,"Non-Europe"
"United States","US","USA",2008,"Non-Europe",-0.259669505960275,2.96788878630434,3.6275,216.762625806611,5.97461598703357,"Non-Europe"
"United States","US","USA",2009,"Non-Europe",-2.80362421697728,5,3.09,231.361365612437,7.28101521367455,"Non-Europe"
"United States","US","USA",2010,"Non-Europe",2.52767917406669,4.4,3.11583333333333,227.133724316188,7.15309596455494,"Non-Europe"
"United States","US","USA",2011,"Non-Europe",1.60201854305038,3.8,3.1925,227.223655061345,11.2900251443233,"Non-Europe"
"United States","US","USA",2012,"Non-Europe",2.31737429115977,3.3,3.1625,232.403553275724,10.6852702926531,"Non-Europe"
"United States","US","USA",2013,"Non-Europe",2.22138717399662,2.45239118205519,3.19083333333333,240.546463207279,15.8988321044636,"Non-Europe"
